
1|Pierre_Markuse|Pierre_Markuse|/user/images/cricket.jpeg
2|tonyveco|tonyveco|/user/images/cricket.jpeg
3|CaitlinHafferty|CaitlinHafferty|/user/images/cricket.jpeg
4|puntofisso|puntofisso|/user/images/cricket.jpeg
5|PJACaytonPhD|PJACaytonPhD|/user/images/cricket.jpeg
6|demo_demo_nl|demo_demo_nl|/user/images/cricket.jpeg
7|HeinzVHoenen|HeinzVHoenen|/user/images/cricket.jpeg
8|ComisionEuropea|ComisionEuropea|/user/images/cricket.jpeg
9|QParrinello|QParrinello|/user/images/cricket.jpeg
10|osaka_sirokichi|osaka_sirokichi|/user/images/cricket.jpeg
11|angelamoron|angelamoron|/user/images/cricket.jpeg
12|defis_eu|defis_eu|/user/images/cricket.jpeg
13|bzg2|bzg2|/user/images/cricket.jpeg
14|opendataswiss|opendataswiss|/user/images/cricket.jpeg
15|Piersoft|Piersoft|/user/images/cricket.jpeg
16|Data4SDGs|Data4SDGs|/user/images/cricket.jpeg
17|OhbmOpen|OhbmOpen|/user/images/cricket.jpeg
18|naveenpf|naveenpf|/user/images/cricket.jpeg
19|nextstrain|nextstrain|/user/images/cricket.jpeg
20|arebollon|arebollon|/user/images/cricket.jpeg
21|dawende|dawende|/user/images/cricket.jpeg
22|JPSoucy|JPSoucy|/user/images/cricket.jpeg
23|turicas|turicas|/user/images/cricket.jpeg
24|CarloosDiaz|CarloosDiaz|/user/images/cricket.jpeg
25|jhonbarrero|jhonbarrero|/user/images/cricket.jpeg
26|Amareto|Amareto|/user/images/cricket.jpeg
27|BID_GobernArte|BID_GobernArte|/user/images/cricket.jpeg
28|1WinstonSmith1|1WinstonSmith1|/user/images/cricket.jpeg
29|konbinitechno|konbinitechno|/user/images/cricket.jpeg
30|WBG_Gender|WBG_Gender|/user/images/cricket.jpeg
31|suxsonica|suxsonica|/user/images/cricket.jpeg
32|rparrawong|rparrawong|/user/images/cricket.jpeg
33|kylebarron2|kylebarron2|/user/images/cricket.jpeg
34|PediHatrick|PediHatrick|/user/images/cricket.jpeg
35|DavidPerezReyna|DavidPerezReyna|/user/images/cricket.jpeg
36|agarmora|agarmora|/user/images/cricket.jpeg
37|wb_research|wb_research|/user/images/cricket.jpeg
38|aVersIMEduraS|aVersIMEduraS|/user/images/cricket.jpeg
39|gomatama_mimi|gomatama_mimi|/user/images/cricket.jpeg
40|DrEdwardHyde|DrEdwardHyde|/user/images/cricket.jpeg
41|Calcijp|Calcijp|/user/images/cricket.jpeg
42|AndreBConte|AndreBConte|/user/images/cricket.jpeg
43|vallejohidalgo|vallejohidalgo|/user/images/cricket.jpeg
44|TakumiSoftware|TakumiSoftware|/user/images/cricket.jpeg
45|acocil66|acocil66|/user/images/cricket.jpeg
46|Win_OpenData|Win_OpenData|/user/images/cricket.jpeg
47|mapmakerdavid|mapmakerdavid|/user/images/cricket.jpeg
48|sole_reta|sole_reta|/user/images/cricket.jpeg
49|DonRudi|DonRudi|/user/images/cricket.jpeg
50|Jerry_Ratcliffe|Jerry_Ratcliffe|/user/images/cricket.jpeg